CREATE DATABASE  IF NOT EXISTS `ops` /*!40100 DEFAULT CHARACTER SET utf8mb4 COLLATE utf8mb4_0900_ai_ci */ /*!80016 DEFAULT ENCRYPTION='N' */;
USE `ops`;
-- MySQL dump 10.13  Distrib 8.0.31, for Win64 (x86_64)
--
-- Host: localhost    Database: ops
-- ------------------------------------------------------
-- Server version	8.0.31

/*!40101 SET @OLD_CHARACTER_SET_CLIENT=@@CHARACTER_SET_CLIENT */;
/*!40101 SET @OLD_CHARACTER_SET_RESULTS=@@CHARACTER_SET_RESULTS */;
/*!40101 SET @OLD_COLLATION_CONNECTION=@@COLLATION_CONNECTION */;
/*!50503 SET NAMES utf8 */;
/*!40103 SET @OLD_TIME_ZONE=@@TIME_ZONE */;
/*!40103 SET TIME_ZONE='+00:00' */;
/*!40014 SET @OLD_UNIQUE_CHECKS=@@UNIQUE_CHECKS, UNIQUE_CHECKS=0 */;
/*!40014 SET @OLD_FOREIGN_KEY_CHECKS=@@FOREIGN_KEY_CHECKS, FOREIGN_KEY_CHECKS=0 */;
/*!40101 SET @OLD_SQL_MODE=@@SQL_MODE, SQL_MODE='NO_AUTO_VALUE_ON_ZERO' */;
/*!40111 SET @OLD_SQL_NOTES=@@SQL_NOTES, SQL_NOTES=0 */;

--
-- Table structure for table `customer`
--

DROP TABLE IF EXISTS `customer`;
/*!40101 SET @saved_cs_client     = @@character_set_client */;
/*!50503 SET character_set_client = utf8mb4 */;
CREATE TABLE `customer` (
  `CID` int NOT NULL,
  `Cname` varchar(50) NOT NULL,
  `Gender` varchar(10) NOT NULL,
  `Age` int NOT NULL,
  `Contact` bigint NOT NULL,
  `Address` varchar(100) NOT NULL,
  PRIMARY KEY (`CID`),
  UNIQUE KEY `Contact_UNIQUE` (`Contact`)
) ENGINE=InnoDB DEFAULT CHARSET=utf8mb4 COLLATE=utf8mb4_0900_ai_ci;
/*!40101 SET character_set_client = @saved_cs_client */;

--
-- Dumping data for table `customer`
--

LOCK TABLES `customer` WRITE;
/*!40000 ALTER TABLE `customer` DISABLE KEYS */;
INSERT INTO `customer` VALUES (1,'De MacCaghan','Female',91,8139879789,'Room 1033'),(2,'Tally Keep','Male',94,9395943281,'Suite 94'),(3,'Waldemar Bowling','Male',12,8063781246,'7th Floor'),(4,'Adria Egdale','Female',60,4329786384,'Suite 79'),(5,'Juline Joysey','Female',30,2726583413,'1st Floor'),(6,'Kiersten Hembery','Female',82,3493410612,'16th Floor'),(7,'Hurley Bensen','Male',41,4414892882,'Apt 1864'),(8,'Rolland Stollwerck','Male',95,1459697907,'Room 662'),(9,'Lanita Fullwood','Female',30,2314840194,'Apt 1983'),(10,'Lettie Allibon','Female',14,2291776719,'Room 1145'),(11,'Bertie Rzehor','Female',19,4194105903,'Room 1302'),(12,'Valentino Treagus','Male',15,3253888897,'18th Floor'),(13,'De witt Peplaw','Male',81,7784016958,'Suite 81'),(14,'Umeko Dryburgh','Female',28,3777036684,'Apt 1675'),(15,'Sholom Collop','Male',49,5319194273,'PO Box 34440'),(16,'Blaine Gomes','Male',96,6237631239,'1st Floor'),(17,'Richart Glasser','Male',29,2179016062,'Room 916'),(18,'Kaylyn Dade','Female',100,5271270076,'Room 929'),(19,'Julie Kivits','Male',43,8977830275,'Suite 60'),(20,'Auroora Hiscoke','Female',89,3257704859,'Room 884'),(21,'Arlyne Poyzer','Female',49,4961010862,'Room 920'),(22,'Rey Dyball','Female',83,8986042988,'Apt 397'),(23,'Winfred Duinkerk','Male',84,8335134246,'Suite 59'),(24,'Jocelyne Vedikhov','Female',19,3116016423,'PO Box 33164'),(25,'Lyndsey Melson','Female',55,9721896104,'Apt 240'),(26,'Ashby Sparry','Male',74,3237581453,'Suite 79'),(27,'Ella Murford','Female',41,7398505874,'20th Floor'),(28,'Kirbie Ommanney','Female',28,3197668893,'Apt 1588'),(29,'Westbrook Orvis','Male',28,6208801376,'14th Floor'),(30,'Kerstin Trobridge','Female',94,8151247899,'PO Box 81298'),(31,'Billi Livzey','Female',63,3053352376,'Room 1705'),(32,'Lucien Burney','Male',94,9823768931,'9th Floor'),(33,'Veradis Brammar','Female',62,4994747659,'13th Floor'),(34,'Nathanial Sabate','Male',61,1959736571,'PO Box 62709'),(35,'Franklin Golling','Male',33,7259812471,'Apt 531'),(36,'Valene Tillot','Female',51,1668441296,'Suite 41'),(37,'Rubin Firbank','Male',84,9136705091,'Room 772'),(38,'Faina Filipovic','Female',50,2177430817,'PO Box 78892'),(39,'Milo Loins','Male',17,9304369077,'Suite 42'),(40,'Alison Daine','Female',99,9912426380,'PO Box 22733'),(41,'Tildy Medcalfe','Female',14,8707307108,'Suite 75'),(42,'Gayle Klagge','Female',90,2697199880,'Suite 10'),(43,'Pollyanna Etteridge','Female',40,4637348277,'PO Box 68743'),(44,'Willette Stannah','Female',21,9599345117,'Apt 859'),(45,'Tabina Leport','Female',80,7488464989,'14th Floor'),(46,'Jessi Chellenham','Female',27,2918331503,'Apt 944'),(47,'Zonnya Scalera','Female',87,4681877885,'Suite 46'),(48,'Kerwinn Paulley','Male',29,6861306000,'4th Floor'),(49,'Kaja Brick','Female',91,5528430911,'Suite 56'),(50,'Gus Renowden','Male',40,1218492975,'20th Floor'),(51,'Jedd Sclanders','Male',87,4039160122,'PO Box 44545'),(52,'Marley Couves','Female',29,1066219292,'Apt 2'),(53,'Feliks Orrocks','Male',75,1785803295,'18th Floor'),(54,'Steven Sindall','Male',62,2171992998,'Suite 9'),(55,'Omar Fewlass','Male',29,5455328667,'17th Floor'),(56,'Alvie MacClay','Male',50,9415279018,'Room 1461'),(57,'Klarrisa Swatradge','Female',41,6058220486,'Apt 981'),(58,'Johannah Beade','Female',47,8195932316,'Suite 11'),(59,'Drud Tripcony','Male',99,9588397846,'PO Box 70792'),(60,'Brianna Philimore','Female',84,5241894405,'Apt 561'),(61,'Mortimer Nowill','Male',88,5161287725,'Room 1383'),(62,'Kahlil Garron','Male',29,2214870064,'Apt 545'),(63,'Kellen O\' Brian','Female',67,5539548867,'Apt 1746'),(64,'Ashlin Stoney','Male',23,3153635471,'15th Floor'),(65,'Addie Harlett','Female',29,7652020767,'PO Box 46153'),(66,'Ailyn Dunning','Female',57,3028919562,'Apt 1179'),(67,'Joelie Padmore','Female',96,7644953663,'PO Box 16106'),(68,'Ulrikaumeko Sifleet','Female',94,7169377507,'Apt 593'),(69,'Desmund Isacsson','Male',92,9724097071,'PO Box 15958'),(70,'Abba Prendeville','Male',33,4231373832,'PO Box 61260'),(71,'Reagen Worviell','Male',59,1247506893,'3rd Floor'),(72,'Mildred Shawell','Female',35,8182747583,'PO Box 69385'),(73,'Lindie Cowderay','Female',72,9937619179,'Suite 98'),(74,'Marshal Hasell','Male',81,4735537531,'Suite 29'),(75,'Gill Cowern','Female',15,3683212512,'Suite 95'),(76,'Ely Swatridge','Male',83,2148421551,'12th Floor'),(77,'Josiah Kobierski','Male',59,5363131827,'Apt 777'),(78,'Zebulon Zoellner','Male',11,8081100731,'Room 1645'),(79,'Robenia Scintsbury','Female',92,9343341668,'Suite 45'),(80,'Rooney Fitzsymons','Male',98,9716242741,'Apt 1308'),(81,'Felike Larkworthy','Male',50,2965149740,'14th Floor'),(82,'Garrot Bleesing','Male',75,8704303178,'PO Box 93039'),(83,'Leonidas Farman','Male',49,1561104093,'15th Floor'),(84,'Brig Adkin','Male',85,1455093522,'Suite 73'),(85,'Donnie Faulkener','Male',59,7945607951,'Room 359'),(86,'Nathaniel St. Louis','Male',20,3667202652,'Apt 1574'),(87,'Dex Jorck','Male',17,3799987711,'Room 1909'),(88,'Pernell Cooper','Male',92,4352870219,'Suite 10'),(89,'Perice Uvedale','Male',36,2052730611,'Room 137'),(90,'Gwyn Spuffard','Female',57,6001764922,'Apt 374'),(91,'Sherilyn Bignell','Female',70,5922361440,'PO Box 73016'),(92,'Jena Landsborough','Female',15,7627559659,'Room 747'),(93,'Herrick Straffon','Male',84,1318125218,'Suite 17'),(94,'Walther Flaxman','Male',19,2524424540,'Room 1149'),(95,'Wileen Clemon','Female',76,1735297564,'Suite 47'),(96,'Jenica Gilliard','Female',66,3677241270,'8th Floor'),(97,'Stirling Martusov','Male',95,5511546928,'PO Box 55814'),(98,'Gerik Yates','Male',36,2022650867,'11th Floor'),(99,'Pen Baribal','Male',58,1431006665,'Apt 344'),(100,'Ileana Finlay','Female',71,1039710522,'10th Floor');
/*!40000 ALTER TABLE `customer` ENABLE KEYS */;
UNLOCK TABLES;

--
-- Table structure for table `doctor`
--

DROP TABLE IF EXISTS `doctor`;
/*!40101 SET @saved_cs_client     = @@character_set_client */;
/*!50503 SET character_set_client = utf8mb4 */;
CREATE TABLE `doctor` (
  `docID` int NOT NULL,
  `Dname` varchar(50) NOT NULL,
  `Gender` varchar(10) NOT NULL,
  `Contact` bigint NOT NULL,
  `Speciality` varchar(60) NOT NULL,
  `Address` varchar(50) NOT NULL,
  PRIMARY KEY (`docID`)
) ENGINE=InnoDB DEFAULT CHARSET=utf8mb4 COLLATE=utf8mb4_0900_ai_ci;
/*!40101 SET character_set_client = @saved_cs_client */;

--
-- Dumping data for table `doctor`
--

LOCK TABLES `doctor` WRITE;
/*!40000 ALTER TABLE `doctor` DISABLE KEYS */;
INSERT INTO `doctor` VALUES (1,'John Doe','Male',1234567890,'Surgery','123 Main St'),(2,'Jane Doe','Female',2345678901,'Pediatrics','456 Park Ave'),(3,'Jim Smith','Male',3456789012,'Cardiology','789 Elm St'),(4,'Sarah Johnson','Female',4567890123,'Oncology','246 Maple Ave'),(5,'Mike Brown','Male',5678901234,'Dermatology','369 Oak St'),(6,'Emily Davis','Female',6789012345,'Ophthalmology','159 Pine Ave'),(7,'William Lee','Male',7890123456,'Orthopedics','753 Cedar St'),(8,'Linda Smith','Female',8901234567,'Neurology','951 Maple St'),(9,'David Johnson','Male',9012345678,'Gastroenterology','847 Oak Ave'),(10,'Daniel Jones','Male',123456789,'Anesthesiology','731 Pine St'),(11,'Emily Baker','Female',1234567890,'Psychiatry','321 Main St'),(12,'Michael Clark','Male',2345678901,'Radiology','654 Park Ave'),(13,'Sarah Turner','Female',3456789012,'Urology','987 Elm St'),(14,'James Parker','Male',4567890123,'Oncology','246 Maple Ave'),(15,'Linda Davis','Female',5678901234,'Dermatology','369 Oak St'),(16,'William Wilson','Male',6789012345,'Ophthalmology','159 Pine Ave'),(17,'Mary Johnson','Female',7890123456,'Orthopedics','753 Cedar St'),(18,'David Lee','Male',8901234567,'Neurology','951 Maple St'),(19,'Sarah Brown','Female',9012345678,'Gastroenterology','847 Oak Ave'),(20,'Michael Smith','Male',123456789,'Anesthesiology','731 Pine St'),(21,'John Davis','Male',1234567890,'Surgery','123 Main St'),(22,'Jane Wilson','Female',2345678901,'Pediatrics','456 Park Ave'),(23,'Jim Johnson','Male',3456789012,'Cardiology','789 Elm St'),(24,'Sarah Clark','Female',4567890123,'Oncology','246 Maple Ave'),(25,'Mike Parker','Male',5678901234,'Dermatology','369 Oak St'),(26,'Emily Smith','Female',6789012345,'Ophthalmology','159 Pine Ave'),(27,'William Lee','Male',7890123456,'Orthopedics','753 Cedar St'),(28,'Linda Brown','Female',8901234567,'Neurology','951 Maple St'),(29,'David Turner','Male',9012345678,'Gastroenterology','847 Oak Ave'),(30,'Daniel Davis','Male',123456789,'Anesthesiology','731 Pine St'),(31,'Emily White','Female',1234567890,'Psychiatry','321 Main St'),(32,'Michael Davis','Male',2345678901,'Radiology','654 Park Ave'),(33,'Sarah Anderson','Female',3456789012,'Urology','987 Elm St'),(34,'James Brown','Male',4567890123,'Oncology','246 Maple Ave'),(35,'Linda Smith','Female',5678901234,'Dermatology','369 Oak St'),(36,'William Wilson','Male',6789012345,'Ophthalmology','159 Pine Ave'),(37,'Mary Johnson','Female',7890123456,'Orthopedics','753 Cedar St'),(38,'David Lee','Male',8901234567,'Neurology','951 Maple St'),(39,'Sarah Davis','Female',9012345678,'Gastroenterology','847 Oak Ave'),(40,'Michael Wilson','Male',123456789,'Anesthesiology','731 Pine St'),(41,'Emily Anderson','Female',1234567890,'Surgery','456 Main St'),(42,'Michael Smith','Male',2345678901,'Pediatrics','789 Park Ave'),(43,'Sarah Davis','Female',3456789012,'Cardiology','123 Elm St'),(44,'James Johnson','Male',4567890123,'Oncology','246 Maple Ave'),(45,'Linda Lee','Female',5678901234,'Dermatology','369 Oak St'),(46,'William White','Male',6789012345,'Ophthalmology','159 Pine Ave'),(47,'Mary Anderson','Female',7890123456,'Orthopedics','753 Cedar St'),(48,'David Brown','Male',8901234567,'Neurology','951 Maple St'),(49,'Sarah Wilson','Female',9012345678,'Gastroenterology','847 Oak Ave'),(50,'Michael Davis','Male',123456789,'Anesthesiology','731 Pine St'),(51,'Jane Doe','Female',5555551235,'Pediatrics','124 Main St'),(52,'John Smith','Male',5555551236,'Surgery','125 Main St'),(53,'Jane Johnson','Female',5555551237,'Ophthalmology','126 Main St'),(54,'John Williams','Male',5555551238,'Orthopedics','127 Main St'),(55,'Jane Brown','Female',5555551239,'Dermatology','128 Main St'),(56,'John Davis','Male',5555551240,'Neurology','129 Main St'),(57,'Jane Miller','Female',5555551241,'Oncology','130 Main St'),(58,'John Wilson','Male',5555551242,'Gastroenterology','131 Main St'),(59,'Jane Anderson','Female',5555551243,'Endocrinology','132 Main St'),(60,'John Jackson','Male',5555551244,'Radiology','133 Main St'),(61,'Jane White','Female',5555551245,'Anesthesiology','134 Main St'),(62,'John Harris','Male',-1246,'Infectious Diseases','135 Main St'),(63,'Jane Clark','Female',5555551247,'Pathology','136 Main St'),(64,'John Lewis','Male',5555551249,'Pulmonology','137 Main St'),(65,'Jane Lee','Female',5555551249,'Nephrology','138 Main St'),(66,'John Green','Male',5555551250,'Psychiatry','139 Main St'),(67,'Jane Adams','Female',5555551251,'Rheumatology','140 Main St'),(68,'John King','Male',5555551252,'Hematology','141 Main St'),(69,'Jane Wright','Female',5555551253,'Cardiology','142 Main St'),(70,'John Baker','Male',5555551254,'Neurosurgery','143 Main St'),(71,'Jane Cooper','Female',5555551255,'Emergency Medicine','144 Main St'),(72,'John Turner','Male',5555551256,'Family Medicine','145 Main St'),(73,'Jane Phillips','Female',5555551257,'Internal Medicine','146 Main St'),(74,'John Campbell','Male',5555551258,'Geriatrics','147 Main St'),(75,'Jane Parker','Female',5555551259,'Obstetrics/Gynecology','148 Main St'),(76,'John Evans','Male',5555551260,'Plastic Surgery','149 Main St'),(77,'Jane Edwards','Female',5555551261,'ENT','150 Main St'),(78,'John Collins','Male',5555551262,'Dentistry','151 Main St'),(79,'Jane Stewart','Female',5555551263,'Orthodontics','152 Main St'),(80,'John Sanchez','Male',5555551264,'Maxillofacial Surgery','153 Main St'),(81,'Jane Morris','Female',5555551265,'Pediatric Dentistry','154 Main St'),(82,'John Rogers','Male',5555551266,'Periodontics','155 Main St'),(83,'Jane Reed','Female',5555551267,'Prosthodontics','156 Main St'),(84,'John Cook','Male',5555551268,'Endodontics','157 Main St'),(85,'Jane Bailey','Female',5555551269,'Orthopedic Surgery','158 Main St'),(86,'John Bell','Male',5555551270,'Physical Therapy','159 Main St'),(87,'Jane Cooper','Female',5555551271,'Occupational Therapy','160 Main St'),(88,'John Richardson','Male',5555551272,'Speech Therapy','161 Main St'),(89,'Jane Cox','Female',5555551273,'Chiropractic','162 Main St'),(90,'John Howard','Male',5555551274,'Acupuncture','163 Main St'),(91,'Jane King','Female',5555551275,'Naturopathy','164 Main St'),(92,'John Wright','Male',5555551276,'Homeopathy','165 Main St'),(93,'Jane Green','Female',5555551277,'Ayurveda','166 Main St'),(94,'John Baker','Male',5555551278,'Yoga Therapy','167 Main St'),(95,'Jane Adams','Female',5555551279,'Reiki','168 Main St'),(96,'John Nelson','Male',5555551280,'Hypnotherapy','169 Main St'),(97,'Jane Carter','Female',5555551281,'Music Therapy','170 Main St'),(98,'John Mitchell','Male',5555551282,'Art Therapy','171 Main St'),(99,'Jane Perez','Female',5555551283,'Dance/Movement Therapy','172 Main St'),(100,'John Roberts','Male',5555551284,'Dramatherapy','173 Main St');
/*!40000 ALTER TABLE `doctor` ENABLE KEYS */;
UNLOCK TABLES;

--
-- Table structure for table `employee`
--

DROP TABLE IF EXISTS `employee`;
/*!40101 SET @saved_cs_client     = @@character_set_client */;
/*!50503 SET character_set_client = utf8mb4 */;
CREATE TABLE `employee` (
  `EID` int NOT NULL,
  `Ename` varchar(50) NOT NULL,
  `Gender` varchar(10) NOT NULL,
  `Age` int NOT NULL,
  `Address` varchar(100) NOT NULL,
  `Contact` bigint NOT NULL,
  `Salary` bigint NOT NULL,
  PRIMARY KEY (`EID`)
) ENGINE=InnoDB DEFAULT CHARSET=utf8mb4 COLLATE=utf8mb4_0900_ai_ci;
/*!40101 SET character_set_client = @saved_cs_client */;

--
-- Dumping data for table `employee`
--

LOCK TABLES `employee` WRITE;
/*!40000 ALTER TABLE `employee` DISABLE KEYS */;
INSERT INTO `employee` VALUES (1,'John Doe','Male',30,'123 Main St',5555555555,50000),(2,'Jane Doe','Female',28,'456 Park Ave, New York, NY 10003',2345678901,55000),(3,'Michael Smith','Male',40,'789 Broadway, New York, NY 10007',3456789012,60000),(4,'Emily Johnson','Female',36,'246 5th Ave, New York, NY 10001',4567890123,65000),(5,'William Brown','Male',50,'135 6th Ave, New York, NY 10003',5678901234,70000),(6,'Sarah Davis','Female',45,'999 7th Ave, New York, NY 10007',6789012345,75000),(7,'David Wilson','Male',35,'555 8th Ave, New York, NY 10001',7890123456,80000),(8,'Jessica Anderson','Female',31,'111 9th Ave, New York, NY 10003',8901234567,85000),(9,'Richard Thompson','Male',38,'222 10th Ave, New York, NY 10007',9012345678,90000),(10,'Ashley Wilson','Female',33,'333 11th Ave, New York, NY 10001',123456789,95000),(11,'Matthew Jackson','Male',27,'444 12th Ave, New York, NY 10003',1234567890,50000),(12,'Olivia Davis','Female',24,'555 13th Ave, New York, NY 10007',2345678901,55000),(13,'Alexander Smith','Male',32,'666 14th Ave, New York, NY 10001',3456789012,60000),(14,'Isabella Johnson','Female',29,'777 15th Ave, New York, NY 10003',4567890123,65000),(15,'Ethan Brown','Male',35,'888 16th Ave, New York, NY 10007',5678901234,70000),(16,'Ava Davis','Female',31,'999 17th Ave, New York, NY 10001',6789012345,75000),(17,'Mason Wilson','Male',26,'100 18th Ave, New York, NY 10003',7890123456,80000),(18,'Sophia Anderson','Female',22,'200 19th Ave, New York, NY 10007',8901234567,85000),(19,'Jacob Thompson','Male',30,'300 20th Ave, New York, NY 10001',9012345678,90000),(20,'Mia Wilson','Female',27,'400 21st Ave, New York, NY 10003',123456789,95000),(21,'Margi Loble','Female',40,'Apt 1978',5834029645,87039),(22,'Otha Elrick','Female',52,'Apt 1061',5228522165,33973),(23,'Veda Murrigans','Female',22,'PO Box 4598',4182516804,63175),(24,'Kathy Fonzone','Female',20,'1st Floor',7432811810,28000),(25,'Maddy Tanser','Female',29,'Room 1757',4195200790,48972),(26,'Roland Leaburn','Male',26,'Apt 1529',3685004894,70266),(27,'Carlin Vasyanin','Male',32,'19th Floor',3712853390,79304),(28,'Ingrid Cready','Female',59,'Room 1627',9804635120,60530),(29,'Konrad Jerke','Male',42,'16th Floor',5607541765,89102),(30,'Nealy McPhelim','Male',21,'8th Floor',4888728163,76738),(31,'Velvet Trencher','Female',69,'Room 1519',8321108624,21315),(32,'Mariska Darwen','Female',64,'Suite 73',1508996180,5426),(33,'Mab Bunson','Female',27,'Apt 1684',7359104717,13262),(34,'Neile McGaugey','Female',66,'Room 1463',3149449284,57700),(35,'Helsa Tythacott','Female',47,'Apt 216',2601183719,11579),(36,'Alfonso Dy','Male',26,'PO Box 33005',6369454203,9695),(37,'Boris Kaveney','Male',65,'Room 473',8858716611,56502),(38,'Lara Collinwood','Female',50,'Room 1342',9664066310,16201),(39,'Cecilio Madgin','Male',54,'14th Floor',6487783841,90504),(40,'Cassondra Bodleigh','Female',26,'Room 1331',3314916997,97782),(41,'Melantha Ecles','Female',69,'PO Box 39559',6741938835,23934),(42,'Kare Burditt','Female',38,'1st Floor',7742683748,11427),(43,'Judy Spiring','Female',30,'Room 778',7014301248,6159),(44,'Patti Tyre','Female',54,'Suite 72',7019943223,42258),(45,'Brad Lusted','Male',47,'Apt 1349',5029725049,31104),(46,'Annnora Coard','Female',34,'Suite 36',3891127377,68831),(47,'Winne Berrisford','Female',51,'18th Floor',3301601943,73841),(48,'Cassy Quiddington','Female',38,'PO Box 2653',2189529001,10426),(49,'Gram Yitzowitz','Male',24,'Room 1015',9224206990,84982),(50,'Auroora Creighton','Female',44,'Room 1159',9268924930,19733),(51,'Cara Badham','Female',43,'PO Box 29540',5284861467,16792),(52,'Giustino Just','Male',43,'14th Floor',6559293560,94037),(53,'Stewart Lorait','Male',46,'Apt 1726',3963162059,28130),(54,'Claudette Konertz','Female',32,'Suite 37',6115891823,34585),(55,'Leta Treasure','Female',28,'Room 1879',3846890044,25927),(56,'Filide Martensen','Female',39,'Apt 653',6263816199,79951),(57,'Ninette Daines','Female',65,'PO Box 28623',5343724208,87310),(58,'Marijn Quesne','Male',43,'Room 1313',8188945864,11854),(59,'Rubetta Hutchins','Female',25,'Suite 34',6363693637,24318),(60,'Dorolice Truckett','Female',24,'Suite 19',8109119573,69148),(61,'Marlyn McAdam','Female',23,'1st Floor',8373241359,99568),(62,'Brooke Rusted','Male',51,'Apt 1884',3101103403,81765),(63,'Lila Lambarth','Female',42,'Suite 11',9612840313,20792),(64,'Andras Bodicum','Male',69,'19th Floor',2546494791,80158),(65,'Ellswerth Guiton','Male',26,'PO Box 15261',9307379185,25259),(66,'Gayle Incogna','Male',35,'Room 1713',2876255772,51469),(67,'Smith Swinerd','Male',56,'PO Box 28228',8509818976,5353),(68,'Marlo Bilbee','Male',51,'10th Floor',9465652990,83561),(69,'Sosanna Fitzsimons','Female',40,'Apt 331',4723343977,25654),(70,'Bethena Creer','Female',30,'PO Box 8744',2591686562,35763),(71,'Christoper Elph','Male',67,'Suite 43',4264543483,38704),(72,'Jacquelynn Damant','Female',21,'19th Floor',7611955332,53374),(73,'Tricia Hulmes','Female',64,'Room 803',5058871458,41107),(74,'Nelie Pllu','Female',20,'Apt 1279',3301917809,98281),(75,'Sid Sheekey','Male',57,'Suite 73',9462836917,64031),(76,'Michale Tansly','Male',21,'Apt 556',2409123648,55772),(77,'Jonis Benini','Female',33,'Room 1419',1076381207,69318),(78,'Waldemar Sherville','Male',32,'15th Floor',6935985667,57709),(79,'Corrie Alekhov','Female',47,'Room 1157',6715335934,11619),(80,'Octavia Joscelyn','Female',33,'Suite 92',6939515540,26486),(81,'Hanna Caig','Female',38,'Suite 70',6264634233,74424),(82,'Hewie O\'Hanlon','Male',27,'Suite 73',2644616438,23291),(83,'Willem Craisford','Male',28,'19th Floor',8697163045,60374),(84,'Erie Rodman','Male',58,'PO Box 25498',7133974793,10020),(85,'Van Banville','Female',31,'Suite 64',9136150931,13596),(86,'Addie Hannabuss','Male',42,'Apt 1844',5753198659,39445),(87,'Loria Aucutt','Female',51,'PO Box 11485',4052395079,25343),(88,'Marc Dymond','Male',47,'Room 440',5712361337,49342),(89,'Arnie Poon','Male',52,'14th Floor',9045258087,35406),(90,'Eugenie Whaplington','Female',30,'PO Box 91042',6923482902,50191),(91,'Carey Ramsell','Male',57,'PO Box 86489',7033525477,59889),(92,'Gearard Corkhill','Male',24,'Apt 318',7899257452,19903),(93,'Taber Rushman','Male',20,'Room 1160',5224639297,33659),(94,'Carr Killeley','Male',33,'15th Floor',7523380398,68168),(95,'Elijah Quarrie','Male',51,'9th Floor',7482539252,90186),(96,'Zitella Minto','Female',36,'Suite 71',9018102538,53926),(97,'Wyn Simson','Male',39,'Apt 901',9441582370,79911),(98,'Tisha Pevsner','Female',40,'Room 491',6181123049,81730),(99,'Avis Connerry','Female',22,'PO Box 87910',2584910021,81968),(100,'Lammond Coppeard','Male',59,'Room 976',5271632416,15172);
/*!40000 ALTER TABLE `employee` ENABLE KEYS */;
UNLOCK TABLES;

--
-- Table structure for table `invoice`
--

DROP TABLE IF EXISTS `invoice`;
/*!40101 SET @saved_cs_client     = @@character_set_client */;
/*!50503 SET character_set_client = utf8mb4 */;
CREATE TABLE `invoice` (
  `invoiceID` int NOT NULL,
  `CID` int NOT NULL,
  `docID` int NOT NULL,
  `medID` int NOT NULL,
  `Quantity` int NOT NULL,
  `Amount` float NOT NULL,
  PRIMARY KEY (`invoiceID`),
  KEY `medID_idx` (`medID`),
  KEY `docID_idx` (`docID`),
  KEY `CID` (`CID`),
  CONSTRAINT `CID` FOREIGN KEY (`CID`) REFERENCES `customer` (`CID`),
  CONSTRAINT `docID` FOREIGN KEY (`docID`) REFERENCES `doctor` (`docID`),
  CONSTRAINT `medID` FOREIGN KEY (`medID`) REFERENCES `medicine` (`medID`)
) ENGINE=InnoDB DEFAULT CHARSET=utf8mb4 COLLATE=utf8mb4_0900_ai_ci;
/*!40101 SET character_set_client = @saved_cs_client */;

--
-- Dumping data for table `invoice`
--

LOCK TABLES `invoice` WRITE;
/*!40000 ALTER TABLE `invoice` DISABLE KEYS */;
INSERT INTO `invoice` VALUES (1,34,79,23,117,289),(2,39,98,6,167,284),(3,94,99,82,191,461),(4,34,80,6,193,372),(5,71,67,10,127,703),(6,87,22,68,110,396),(7,99,22,94,181,649),(8,81,60,59,122,950),(9,1,66,40,186,113),(10,55,86,91,180,299),(11,1,98,94,103,164),(12,86,19,35,165,537),(13,18,15,52,195,482),(14,20,27,70,154,142),(15,86,45,49,183,577),(16,99,71,44,167,285),(17,88,39,65,166,340),(18,26,29,96,128,230),(19,9,85,57,140,459),(20,18,77,42,101,716),(21,76,29,14,130,851),(22,21,27,52,130,272),(23,94,98,15,194,239),(24,60,2,20,179,761),(25,28,41,86,100,691),(26,9,56,35,166,548),(27,44,52,2,161,629),(28,38,11,85,189,196),(29,70,24,64,102,591),(30,17,21,34,159,771),(31,3,43,100,191,526),(32,87,9,63,111,943),(33,64,93,86,185,951),(34,65,64,31,119,941),(35,44,49,17,113,574),(36,11,9,42,143,910),(37,91,58,71,133,254),(38,69,73,55,139,264),(39,60,31,45,167,324),(40,66,47,17,161,154),(41,28,68,39,166,103),(42,32,22,91,166,565),(43,75,21,91,200,949),(44,18,63,59,108,770),(45,74,33,41,146,610),(46,92,41,39,169,355),(47,1,99,53,128,815),(48,14,87,40,197,177),(49,26,34,14,117,819),(50,55,48,2,193,637),(51,85,59,27,173,535),(52,29,66,99,194,997),(53,66,88,96,148,892),(54,81,73,61,168,956),(55,2,83,85,171,897),(56,50,77,83,126,638),(57,34,10,26,130,415),(58,33,85,2,105,947),(59,66,28,24,126,378),(60,38,75,49,199,954),(61,84,24,66,133,123),(62,47,13,6,152,813),(63,35,50,14,184,576),(64,81,20,57,129,915),(65,8,39,90,118,503),(66,38,14,18,117,165),(67,55,48,44,196,923),(68,36,25,13,148,648),(69,8,31,41,149,918),(70,82,72,89,164,869),(71,71,45,33,144,162),(72,65,92,65,141,498),(73,76,44,8,160,341),(74,40,71,55,147,617),(75,25,78,48,171,782),(76,29,3,66,121,588),(77,15,82,65,182,214),(78,99,8,7,198,716),(79,14,41,71,147,558),(80,46,94,61,191,256),(81,57,59,48,174,298),(82,78,85,63,148,773),(83,34,10,7,119,924),(84,25,17,22,134,526),(85,27,61,85,118,558),(86,40,84,59,106,659),(87,36,24,84,150,214),(88,54,70,54,188,221),(89,21,20,12,168,548),(90,4,26,72,167,266),(91,8,47,19,199,650),(92,47,15,21,148,976),(93,75,88,11,170,234),(94,53,99,7,192,764),(95,54,92,72,198,654),(96,55,98,11,105,501),(97,25,67,25,133,661),(98,9,86,46,155,147),(99,56,62,9,133,466),(100,24,67,51,116,310);
/*!40000 ALTER TABLE `invoice` ENABLE KEYS */;
UNLOCK TABLES;

--
-- Table structure for table `login`
--

DROP TABLE IF EXISTS `login`;
/*!40101 SET @saved_cs_client     = @@character_set_client */;
/*!50503 SET character_set_client = utf8mb4 */;
CREATE TABLE `login` (
  `Lid` int NOT NULL,
  `Role` varchar(20) NOT NULL,
  `Username` varchar(60) NOT NULL,
  `Password` varchar(100) NOT NULL,
  PRIMARY KEY (`Lid`)
) ENGINE=InnoDB DEFAULT CHARSET=utf8mb4 COLLATE=utf8mb4_0900_ai_ci;
/*!40101 SET character_set_client = @saved_cs_client */;

--
-- Dumping data for table `login`
--

LOCK TABLES `login` WRITE;
/*!40000 ALTER TABLE `login` DISABLE KEYS */;
INSERT INTO `login` VALUES (1,'doctor','a_user1','password1'),(2,'employee','b_user2','password2'),(3,'customer','c_user3','password3'),(4,'doctor','a_user4','password4'),(5,'employee','b_user5','password5'),(6,'customer','c_user6','password6'),(7,'doctor','a_user7','password7'),(8,'employee','b_user8','password8'),(9,'customer','c_user9','password9'),(10,'doctor','a_user10','password10'),(11,'employee','b_user11','password11'),(12,'customer','c_user12','password12'),(13,'doctor','a_user13','password13'),(14,'employee','b_user14','password14'),(15,'customer','c_user15','password15'),(16,'doctor','a_user16','password16'),(17,'employee','b_user17','password17'),(18,'customer','c_user18','password18'),(19,'doctor','a_user19','password19'),(20,'employee','b_user20','password20'),(21,'doctor','p_user1','password21'),(22,'employee','q_user2','password22'),(23,'customer','r_user3','password23'),(24,'doctor','s_user4','password24'),(25,'employee','p_user5','password25'),(26,'customer','q_user6','password26'),(27,'doctor','r_user7','password27'),(28,'employee','s_user8','password28'),(29,'customer','p_user9','password29'),(30,'doctor','q_user10','password30'),(31,'employee','r_user11','password31'),(32,'customer','s_user12','password32'),(33,'doctor','p_user13','password33'),(34,'employee','q_user14','password34'),(35,'customer','r_user15','password35'),(36,'doctor','s_user16','password36'),(37,'employee','p_user17','password37'),(38,'customer','q_user18','password38'),(39,'doctor','r_user19','password39'),(40,'employee','s_user20','password40'),(41,'doctor','x_user1','password41'),(42,'employee','y_user2','password42'),(43,'customer','z_user3','password43'),(44,'doctor','x_user4','password44'),(45,'employee','y_user5','password45'),(46,'customer','z_user6','password46'),(47,'doctor','x_user7','password47'),(48,'employee','y_user8','password48'),(49,'customer','z_user9','password49'),(50,'doctor','x_user10','password50'),(51,'employee','y_user11','password51'),(52,'customer','z_user12','password52'),(53,'doctor','x_user13','password53'),(54,'employee','y_user14','password54'),(55,'customer','z_user15','password55'),(56,'doctor','x_user16','password56'),(57,'employee','y_user17','password57'),(58,'customer','z_user18','password58'),(59,'doctor','x_user19','password59'),(60,'employee','y_user20','password60'),(61,'doctor','l_user1','password61'),(62,'employee','m_user2','password62'),(63,'customer','n_user3','password63'),(64,'doctor','l_user4','password64'),(65,'employee','m_user5','password65'),(66,'customer','n_user6','password66'),(67,'doctor','l_user7','password67'),(68,'employee','m_user8','password68'),(69,'customer','n_user9','password69'),(70,'doctor','l_user10','password70'),(71,'employee','m_user11','password71'),(72,'customer','n_user12','password72'),(73,'doctor','l_user13','password73'),(74,'employee','m_user14','password74'),(75,'customer','n_user15','password75'),(76,'doctor','l_user16','password76'),(77,'employee','m_user17','password77'),(78,'customer','n_user18','password78'),(79,'doctor','l_user19','password79'),(80,'employee','m_user20','password80'),(81,'doctor','d_user1','password81'),(82,'employee','e_user2','password82'),(83,'customer','f_user3','password83'),(84,'doctor','d_user4','password84'),(85,'employee','e_user5','password85'),(86,'customer','f_user6','password86'),(87,'doctor','d_user7','password87'),(88,'employee','e_user8','password88'),(89,'customer','f_user9','password89'),(90,'doctor','d_user10','password90'),(91,'employee','e_user11','password91'),(92,'customer','f_user12','password92'),(93,'doctor','d_user13','password93'),(94,'employee','e_user14','password94'),(95,'customer','f_user15','password95'),(96,'doctor','d_user16','password96'),(97,'employee','e_user17','password97'),(98,'customer','f_user18','password98'),(99,'doctor','d_user19','password99'),(100,'employee','e_user20','password100');
/*!40000 ALTER TABLE `login` ENABLE KEYS */;
UNLOCK TABLES;

--
-- Table structure for table `medicine`
--

DROP TABLE IF EXISTS `medicine`;
/*!40101 SET @saved_cs_client     = @@character_set_client */;
/*!50503 SET character_set_client = utf8mb4 */;
CREATE TABLE `medicine` (
  `medID` int NOT NULL,
  `Mname` varchar(100) NOT NULL,
  `MfgDate` date NOT NULL,
  `ExpDate` date NOT NULL,
  `description` varchar(1000) NOT NULL,
  `Quantity` int NOT NULL,
  `Price` float NOT NULL,
  PRIMARY KEY (`medID`)
) ENGINE=InnoDB DEFAULT CHARSET=utf8mb4 COLLATE=utf8mb4_0900_ai_ci;
/*!40101 SET character_set_client = @saved_cs_client */;

--
-- Dumping data for table `medicine`
--

LOCK TABLES `medicine` WRITE;
/*!40000 ALTER TABLE `medicine` DISABLE KEYS */;
INSERT INTO `medicine` VALUES (1,'Phendimetrazine Tartrate','2022-02-20','2023-04-29','In eleifend quam a odio. In hac habitasse platea dictumst. Maecenas ut massa quis augue luctus tincidunt.',49,414),(2,'flormar Concealer Sunscreen Broad Spectrum SPF 20 LC03 SOFT HONEY','2022-02-01','2023-04-02','In quis justo.',397,277),(3,'Metoprolol Succinate','2022-02-09','2023-04-15','Etiam faucibus cursus urna. Ut tellus. Nulla ut erat id mauris vulputate elementum. Nullam varius.',163,551),(4,'Enalapril Maleate','2022-02-27','2023-04-09','In blandit ultrices enim. Lorem ipsum dolor sit amet, consectetuer adipiscing elit.',247,497),(5,'Bentyl','2022-02-03','2023-04-06','Duis at velit eu est congue elementum.',144,727),(6,'Quinine Sulfate','2022-02-02','2023-04-15','Vestibulum ante ipsum primis in faucibus orci luctus et ultrices posuere cubilia Curae; Nulla dapibus dolor vel est. Donec odio justo, sollicitudin ut, suscipit a, feugiat et, eros. Vestibulum ac est lacinia nisi venenatis tristique. Fusce congue, diam id ornare imperdiet, sapien urna pretium nisl, ut volutpat sapien arcu sed augue. Aliquam erat volutpat.',131,621),(7,'Nasal Decongestant PE','2022-02-02','2023-04-24','Praesent id massa id nisl venenatis lacinia.',200,283),(8,'Xerese','2022-02-13','2023-04-26','Donec diam neque, vestibulum eget, vulputate ut, ultrices vel, augue. Vestibulum ante ipsum primis in faucibus orci luctus et ultrices posuere cubilia Curae; Donec pharetra, magna vestibulum aliquet ultrices, erat tortor sollicitudin mi, sit amet lobortis sapien sapien non mi.',387,715),(9,'Cyclobenzaprine Hydrochloride','2022-02-25','2023-04-24','Phasellus in felis. Donec semper sapien a libero.',91,673),(10,'Dove DermaSeries','2022-02-17','2023-04-04','Nunc rhoncus dui vel sem.',491,816),(11,'Qutenza','2022-02-14','2023-04-15','Sed vel enim sit amet nunc viverra dapibus. Nulla suscipit ligula in lacus. Curabitur at ipsum ac tellus semper interdum.',237,231),(12,'Benztropine Mesylate','2022-02-25','2023-04-01','Pellentesque viverra pede ac diam.',391,372),(13,'CYPROHEPTADINE HYDROCHLORIDE','2022-02-18','2023-04-20','Etiam faucibus cursus urna. Ut tellus. Nulla ut erat id mauris vulputate elementum.',441,930),(14,'Lansoprazole','2022-02-26','2023-04-15','Maecenas tristique, est et tempus semper, est quam pharetra magna, ac consequat metus sapien ut nunc.',247,333),(15,'EAR CARE','2022-02-16','2023-04-08','Vestibulum ante ipsum primis in faucibus orci luctus et ultrices posuere cubilia Curae; Mauris viverra diam vitae quam.',64,814),(16,'Piroxicam','2022-02-10','2023-04-14','Morbi vel lectus in quam fringilla rhoncus.',161,855),(17,'Acid Reducer 150','2022-02-11','2023-04-19','Lorem ipsum dolor sit amet, consectetuer adipiscing elit. Proin interdum mauris non ligula pellentesque ultrices. Phasellus id sapien in sapien iaculis congue. Vivamus metus arcu, adipiscing molestie, hendrerit at, vulputate vitae, nisl.',103,108),(18,'Ampicillin and Sulbactam','2022-02-18','2023-04-17','In quis justo. Maecenas rhoncus aliquam lacus. Morbi quis tortor id nulla ultrices aliquet. Maecenas leo odio, condimentum id, luctus nec, molestie sed, justo.',486,384),(19,'Enalapril Maleate','2022-02-11','2023-04-10','Morbi odio odio, elementum eu, interdum eu, tincidunt in, leo.',494,165),(20,'AMLODIPINE BESYLATE','2022-02-15','2023-04-12','Suspendisse potenti.',279,423),(21,'oxycodone hydrochloride','2022-02-14','2023-04-19','Nullam orci pede, venenatis non, sodales sed, tincidunt eu, felis. Fusce posuere felis sed lacus. Morbi sem mauris, laoreet ut, rhoncus aliquet, pulvinar sed, nisl. Nunc rhoncus dui vel sem.',270,954),(22,'Nifedipine','2022-02-01','2023-04-12','Praesent id massa id nisl venenatis lacinia. Aenean sit amet justo. Morbi ut odio. Cras mi pede, malesuada in, imperdiet et, commodo vulputate, justo. In blandit ultrices enim.',246,549),(23,'VANCOMYCIN HYDROCHLORIDE','2022-02-05','2023-04-03','Suspendisse potenti.',77,827),(24,'Aspirin','2022-02-22','2023-04-07','Nullam varius. Nulla facilisi. Cras non velit nec nisi vulputate nonummy. Maecenas tincidunt lacus at velit.',278,392),(25,'Sani Professional Brand Sanitizing Wipes','2022-02-05','2023-04-08','Vestibulum quam sapien, varius ut, blandit non, interdum in, ante. Vestibulum ante ipsum primis in faucibus orci luctus et ultrices posuere cubilia Curae; Duis faucibus accumsan odio.',403,533),(26,'Piperacillin and Tazobactam','2022-02-18','2023-04-20','Vestibulum ac est lacinia nisi venenatis tristique. Fusce congue, diam id ornare imperdiet, sapien urna pretium nisl, ut volutpat sapien arcu sed augue. Aliquam erat volutpat. In congue. Etiam justo.',307,618),(27,'ULTRASOL','2022-02-14','2023-04-08','Pellentesque viverra pede ac diam. Cras pellentesque volutpat dui. Maecenas tristique, est et tempus semper, est quam pharetra magna, ac consequat metus sapien ut nunc.',143,521),(28,'SimmyungSaengMoSu','2022-02-22','2023-04-07','Quisque porta volutpat erat. Quisque erat eros, viverra eget, congue eget, semper rutrum, nulla. Nunc purus. Phasellus in felis.',27,943),(29,'Quercus Essence','2022-02-01','2023-04-27','Suspendisse ornare consequat lectus. In est risus, auctor sed, tristique in, tempus sit amet, sem. Fusce consequat.',175,620),(30,'Senna- S','2022-02-02','2023-04-29','Maecenas tristique, est et tempus semper, est quam pharetra magna, ac consequat metus sapien ut nunc.',92,887),(31,'Ropivacaine Hydrochloride','2022-02-08','2023-04-13','Praesent blandit. Nam nulla. Integer pede justo, lacinia eget, tincidunt eget, tempus vel, pede. Morbi porttitor lorem id ligula. Suspendisse ornare consequat lectus.',395,242),(32,'Ketoconazole','2022-02-17','2023-04-14','Nullam porttitor lacus at turpis. Donec posuere metus vitae ipsum. Aliquam non mauris.',189,980),(33,'ESIKA','2022-02-21','2023-04-23','Duis mattis egestas metus. Aenean fermentum. Donec ut mauris eget massa tempor convallis.',407,849),(34,'Kaiser Permanente','2022-02-20','2023-04-06','In blandit ultrices enim. Lorem ipsum dolor sit amet, consectetuer adipiscing elit. Proin interdum mauris non ligula pellentesque ultrices. Phasellus id sapien in sapien iaculis congue. Vivamus metus arcu, adipiscing molestie, hendrerit at, vulputate vitae, nisl.',342,959),(35,'TS (Talmostop) Talhwan','2022-02-17','2023-04-13','Vestibulum ante ipsum primis in faucibus orci luctus et ultrices posuere cubilia Curae; Duis faucibus accumsan odio. Curabitur convallis.',353,212),(36,'BOTANICS TRIPLE ACTION DAY MOISTURE CREAM SUNSCREEN SPF 15','2022-02-27','2023-04-01','Fusce posuere felis sed lacus. Morbi sem mauris, laoreet ut, rhoncus aliquet, pulvinar sed, nisl. Nunc rhoncus dui vel sem.',395,363),(37,'VERELAN','2022-02-06','2023-04-09','Curabitur gravida nisi at nibh. In hac habitasse platea dictumst. Aliquam augue quam, sollicitudin vitae, consectetuer eget, rutrum at, lorem. Integer tincidunt ante vel ipsum.',360,503),(38,'MAKESENSE','2022-02-01','2023-04-28','Mauris lacinia sapien quis libero. Nullam sit amet turpis elementum ligula vehicula consequat. Morbi a ipsum. Integer a nibh.',370,583),(39,'Benzoin Compound Tincture','2022-02-13','2023-04-26','Integer aliquet, massa id lobortis convallis, tortor risus dapibus augue, vel accumsan tellus nisi eu orci. Mauris lacinia sapien quis libero.',410,458),(40,'PINUS STROBUS POLLEN','2022-02-02','2023-04-12','Vivamus in felis eu sapien cursus vestibulum. Proin eu mi.',395,879),(41,'Loratadine','2022-02-09','2023-04-01','Nulla ac enim. In tempor, turpis nec euismod scelerisque, quam turpis adipiscing lorem, vitae mattis nibh ligula nec sem. Duis aliquam convallis nunc. Proin at turpis a pede posuere nonummy. Integer non velit.',477,710),(42,'SHISEIDO URBAN ENVIRONMENT UV PROTECTION','2022-02-18','2023-04-12','Donec odio justo, sollicitudin ut, suscipit a, feugiat et, eros. Vestibulum ac est lacinia nisi venenatis tristique. Fusce congue, diam id ornare imperdiet, sapien urna pretium nisl, ut volutpat sapien arcu sed augue. Aliquam erat volutpat.',157,104),(43,'Clean and Clear Advantage','2022-02-09','2023-04-18','Maecenas pulvinar lobortis est. Phasellus sit amet erat. Nulla tempus.',499,725),(44,'LBEL NATURAL FINISH MOISTURIZING FOUNDATION SPF 25','2022-02-06','2023-04-21','Morbi non lectus. Aliquam sit amet diam in magna bibendum imperdiet. Nullam orci pede, venenatis non, sodales sed, tincidunt eu, felis. Fusce posuere felis sed lacus. Morbi sem mauris, laoreet ut, rhoncus aliquet, pulvinar sed, nisl.',69,618),(45,'Oxygen','2022-02-24','2023-04-16','Nulla tellus.',308,303),(46,'ANTI BACTERIAL HAND SANITIZER','2022-02-18','2023-04-26','Nulla tellus. In sagittis dui vel nisl.',490,671),(47,'Amlobenz','2022-02-25','2023-04-26','Proin eu mi.',262,662),(48,'DG BODY','2022-02-03','2023-04-22','Praesent lectus. Vestibulum quam sapien, varius ut, blandit non, interdum in, ante. Vestibulum ante ipsum primis in faucibus orci luctus et ultrices posuere cubilia Curae; Duis faucibus accumsan odio. Curabitur convallis. Duis consequat dui nec nisi volutpat eleifend.',405,770),(49,'Pollens - Weeds, Marshelder/Poverty Mix','2022-02-25','2023-04-01','Maecenas leo odio, condimentum id, luctus nec, molestie sed, justo. Pellentesque viverra pede ac diam. Cras pellentesque volutpat dui. Maecenas tristique, est et tempus semper, est quam pharetra magna, ac consequat metus sapien ut nunc. Vestibulum ante ipsum primis in faucibus orci luctus et ultrices posuere cubilia Curae; Mauris viverra diam vitae quam.',359,115),(50,'Cold and Mucus Relief Junior Strength','2022-02-12','2023-04-14','Donec quis orci eget orci vehicula condimentum.',177,815),(51,'Levofloxacin','2022-02-02','2023-04-06','Vivamus metus arcu, adipiscing molestie, hendrerit at, vulputate vitae, nisl. Aenean lectus. Pellentesque eget nunc. Donec quis orci eget orci vehicula condimentum.',393,344),(52,'INSTANT HAND SANITIZER','2022-02-04','2023-04-12','Maecenas rhoncus aliquam lacus.',183,497),(53,'Minocycline hydrochloride','2022-02-06','2023-04-22','Phasellus id sapien in sapien iaculis congue. Vivamus metus arcu, adipiscing molestie, hendrerit at, vulputate vitae, nisl. Aenean lectus.',359,232),(54,'Pain Reliever PM','2022-02-22','2023-04-10','Aenean lectus.',58,886),(55,'Cimetidine','2022-02-26','2023-04-16','In tempor, turpis nec euismod scelerisque, quam turpis adipiscing lorem, vitae mattis nibh ligula nec sem. Duis aliquam convallis nunc. Proin at turpis a pede posuere nonummy.',234,828),(56,'Lyrica','2022-02-11','2023-04-08','In congue. Etiam justo.',468,367),(57,'Ciprofloxacin','2022-02-25','2023-04-13','Nullam sit amet turpis elementum ligula vehicula consequat.',139,220),(58,'QSR Hand Sanitizer','2022-02-24','2023-04-18','Quisque porta volutpat erat.',334,955),(59,'Calcium Composition','2022-02-02','2023-04-24','In congue. Etiam justo. Etiam pretium iaculis justo. In hac habitasse platea dictumst. Etiam faucibus cursus urna.',218,330),(60,'Ranitidine','2022-02-03','2023-04-29','Praesent id massa id nisl venenatis lacinia. Aenean sit amet justo. Morbi ut odio. Cras mi pede, malesuada in, imperdiet et, commodo vulputate, justo.',346,974),(61,'Glyburide and Metformin Hydrochloride','2022-02-11','2023-04-03','Curabitur gravida nisi at nibh. In hac habitasse platea dictumst. Aliquam augue quam, sollicitudin vitae, consectetuer eget, rutrum at, lorem. Integer tincidunt ante vel ipsum.',322,457),(62,'Childrens Allergy Antihistamine','2022-02-12','2023-04-25','In eleifend quam a odio. In hac habitasse platea dictumst.',17,518),(63,'Trazamine','2022-02-23','2023-04-15','In congue. Etiam justo. Etiam pretium iaculis justo. In hac habitasse platea dictumst.',246,636),(64,'Antiseptic','2022-02-20','2023-04-28','Nullam sit amet turpis elementum ligula vehicula consequat. Morbi a ipsum. Integer a nibh.',54,382),(65,'Tolnaftate','2022-02-27','2023-04-09','Duis consequat dui nec nisi volutpat eleifend.',382,673),(66,'Olay Fresh Effects Clear Skin','2022-02-08','2023-04-20','Nulla justo.',222,567),(67,'ETHOSUXIMIDE','2022-02-26','2023-04-16','Sed vel enim sit amet nunc viverra dapibus. Nulla suscipit ligula in lacus. Curabitur at ipsum ac tellus semper interdum.',109,132),(68,'Tolterodine Tartrate','2022-02-15','2023-04-28','Maecenas ut massa quis augue luctus tincidunt. Nulla mollis molestie lorem.',146,172),(69,'Perrigo Sodium Sulfacetamide and Sulfur','2022-02-18','2023-04-18','Nulla nisl. Nunc nisl. Duis bibendum, felis sed interdum venenatis, turpis enim blandit mi, in porttitor pede justo eu massa. Donec dapibus.',368,952),(70,'Sure Invisible Solid Fresh Scent','2022-02-03','2023-04-09','Integer tincidunt ante vel ipsum. Praesent blandit lacinia erat. Vestibulum sed magna at nunc commodo placerat.',212,203),(71,'Rugby Aspirin','2022-02-24','2023-04-26','Nunc nisl. Duis bibendum, felis sed interdum venenatis, turpis enim blandit mi, in porttitor pede justo eu massa. Donec dapibus.',127,447),(72,'Revlimid','2022-02-11','2023-04-12','Fusce lacus purus, aliquet at, feugiat non, pretium quis, lectus. Suspendisse potenti.',225,818),(73,'Ampicillin and Sulbactam','2022-02-14','2023-04-29','Vivamus vel nulla eget eros elementum pellentesque. Quisque porta volutpat erat. Quisque erat eros, viverra eget, congue eget, semper rutrum, nulla. Nunc purus. Phasellus in felis.',46,649),(74,'ORIGINAL HEALING','2022-02-11','2023-04-18','Duis bibendum. Morbi non quam nec dui luctus rutrum.',499,769),(75,'Neutrogena Rapid Clear 2 in 1 Fight and Fade Toner','2022-02-03','2023-04-18','Donec quis orci eget orci vehicula condimentum. Curabitur in libero ut massa volutpat convallis. Morbi odio odio, elementum eu, interdum eu, tincidunt in, leo. Maecenas pulvinar lobortis est.',434,629),(76,'RABBIT','2022-02-18','2023-04-28','Morbi non lectus.',378,867),(77,'Leader Ibuprofen','2022-02-07','2023-04-01','Nulla ut erat id mauris vulputate elementum. Nullam varius. Nulla facilisi.',73,190),(78,'Correway Sunscreen (Waterproof)','2022-02-18','2023-04-11','Proin interdum mauris non ligula pellentesque ultrices. Phasellus id sapien in sapien iaculis congue. Vivamus metus arcu, adipiscing molestie, hendrerit at, vulputate vitae, nisl. Aenean lectus.',85,857),(79,'MBM 1 Bladder Irritated','2022-02-04','2023-04-23','Proin risus.',149,824),(80,'Head and Shoulders Treatment','2022-02-18','2023-04-29','Quisque porta volutpat erat. Quisque erat eros, viverra eget, congue eget, semper rutrum, nulla. Nunc purus.',81,831),(81,'Diovan HCT','2022-02-25','2023-04-20','In eleifend quam a odio. In hac habitasse platea dictumst.',387,645),(82,'Irbesartan','2022-02-19','2023-04-07','Morbi vel lectus in quam fringilla rhoncus.',189,151),(83,'PEPSOM SPORTS WINTERGREEN','2022-02-18','2023-04-11','Aliquam erat volutpat. In congue. Etiam justo. Etiam pretium iaculis justo.',114,957),(84,'Lamotrigine','2022-02-24','2023-04-11','Donec diam neque, vestibulum eget, vulputate ut, ultrices vel, augue.',286,317),(85,'DG Health Ibuprofen','2022-02-07','2023-04-01','Nulla mollis molestie lorem. Quisque ut erat. Curabitur gravida nisi at nibh. In hac habitasse platea dictumst.',407,585),(86,'oxycodone hydrochloride','2022-02-17','2023-04-15','Proin at turpis a pede posuere nonummy. Integer non velit. Donec diam neque, vestibulum eget, vulputate ut, ultrices vel, augue. Vestibulum ante ipsum primis in faucibus orci luctus et ultrices posuere cubilia Curae; Donec pharetra, magna vestibulum aliquet ultrices, erat tortor sollicitudin mi, sit amet lobortis sapien sapien non mi.',283,185),(87,'Minocycline hydrochloride','2022-02-21','2023-04-27','Duis ac nibh. Fusce lacus purus, aliquet at, feugiat non, pretium quis, lectus. Suspendisse potenti. In eleifend quam a odio. In hac habitasse platea dictumst.',15,671),(88,'Anti-Bacterial Hand Sanitizer','2022-02-17','2023-04-06','Vestibulum ante ipsum primis in faucibus orci luctus et ultrices posuere cubilia Curae; Mauris viverra diam vitae quam. Suspendisse potenti. Nullam porttitor lacus at turpis. Donec posuere metus vitae ipsum. Aliquam non mauris.',318,608),(89,'Senna','2022-02-24','2023-04-03','Morbi ut odio.',184,610),(90,'Beyond BB Perfecting Foundation Broad Spectrum SPF 15 Sunscreen','2022-02-26','2023-04-19','Cras mi pede, malesuada in, imperdiet et, commodo vulputate, justo.',22,317),(91,'Wart Control','2022-02-27','2023-04-13','Morbi porttitor lorem id ligula. Suspendisse ornare consequat lectus. In est risus, auctor sed, tristique in, tempus sit amet, sem. Fusce consequat.',56,940),(92,'PROVON Antimicrobial Ltn Sp with 0.3% PCMX','2022-02-12','2023-04-03','Aenean auctor gravida sem. Praesent id massa id nisl venenatis lacinia. Aenean sit amet justo. Morbi ut odio.',404,365),(93,'Pleo Muc','2022-02-21','2023-04-02','Curabitur in libero ut massa volutpat convallis.',408,867),(94,'equate dual action complete','2022-02-23','2023-04-11','Morbi ut odio. Cras mi pede, malesuada in, imperdiet et, commodo vulputate, justo.',362,748),(95,'Clonazepam','2022-02-20','2023-04-13','Curabitur in libero ut massa volutpat convallis. Morbi odio odio, elementum eu, interdum eu, tincidunt in, leo. Maecenas pulvinar lobortis est. Phasellus sit amet erat. Nulla tempus.',227,545),(96,'Cialis','2022-02-21','2023-04-08','Vivamus vel nulla eget eros elementum pellentesque.',160,790),(97,'Absidia ramosa','2022-02-06','2023-04-10','Praesent blandit. Nam nulla. Integer pede justo, lacinia eget, tincidunt eget, tempus vel, pede. Morbi porttitor lorem id ligula. Suspendisse ornare consequat lectus.',280,801),(98,'Ketoconazole','2022-02-20','2023-04-18','Maecenas tristique, est et tempus semper, est quam pharetra magna, ac consequat metus sapien ut nunc. Vestibulum ante ipsum primis in faucibus orci luctus et ultrices posuere cubilia Curae; Mauris viverra diam vitae quam. Suspendisse potenti.',207,966),(99,'Cows Milk','2022-02-22','2023-04-07','Pellentesque viverra pede ac diam. Cras pellentesque volutpat dui. Maecenas tristique, est et tempus semper, est quam pharetra magna, ac consequat metus sapien ut nunc. Vestibulum ante ipsum primis in faucibus orci luctus et ultrices posuere cubilia Curae; Mauris viverra diam vitae quam. Suspendisse potenti.',93,543),(100,'Trauma Relief','2022-02-13','2023-04-15','Duis consequat dui nec nisi volutpat eleifend.',153,783);
/*!40000 ALTER TABLE `medicine` ENABLE KEYS */;
UNLOCK TABLES;

--
-- Table structure for table `pharmacy`
--

DROP TABLE IF EXISTS `pharmacy`;
/*!40101 SET @saved_cs_client     = @@character_set_client */;
/*!50503 SET character_set_client = utf8mb4 */;
CREATE TABLE `pharmacy` (
  `pharID` int NOT NULL,
  `pharName` varchar(100) NOT NULL,
  `Address` varchar(45) NOT NULL,
  `City` varchar(45) NOT NULL,
  `State` varchar(45) DEFAULT NULL,
  `Pincode` int DEFAULT NULL,
  `Location` varchar(45) NOT NULL,
  PRIMARY KEY (`pharID`)
) ENGINE=InnoDB DEFAULT CHARSET=utf8mb4 COLLATE=utf8mb4_0900_ai_ci;
/*!40101 SET character_set_client = @saved_cs_client */;

--
-- Dumping data for table `pharmacy`
--

LOCK TABLES `pharmacy` WRITE;
/*!40000 ALTER TABLE `pharmacy` DISABLE KEYS */;
INSERT INTO `pharmacy` VALUES (1,'Western Family Foods, Inc.','Apt 760','Heiiyugou',NULL,NULL,'Union'),(2,'Walgreen Company','Room 1732','Tha Bo',NULL,388463,'Hudson'),(3,'Skin Alive, Ltd.','Room 903','Quzi',NULL,386628,'Magdeline'),(4,'Merwin Home Medical dba Robin Drup Corp.','Apt 1171','Rio de Janeiro',NULL,424747,'Hermina'),(5,'Hetero Drugs Ltd.,','4th Floor','Keruguya',NULL,180311,'Oak Valley'),(6,'Rebel Distributors Corp','PO Box 23902','Coihaique',NULL,284135,'Comanche'),(7,'SMART SENSE (Kmart)','PO Box 26637','Bailiang',NULL,473548,'Transport'),(8,'TOP CARE (Topco Associates LLC)','Apt 1608','Qesarya',NULL,363200,'Kingsford'),(9,'Apotex Corp','Room 884','Salantai',NULL,342528,'Tennyson'),(10,'American Welding & Gas','Room 222','Novomichurinsk',NULL,474997,'Melby'),(11,'Vitality Works, Inc.','PO Box 64825','Ipoh','Perak',129881,'Fair Oaks'),(12,'Pharmaceutica North America, Inc.','5th Floor','Puente Nacional',NULL,477104,'Commercial'),(13,'STAT Rx USA LLC','14th Floor','Tsivilsk',NULL,551598,'Farmco'),(14,'Dr. Reddy\'s Laboratories Limited','Apt 160','Ica',NULL,309019,'Fallview'),(15,'CHANEL PARFUMS BEAUTE','Room 454','Balboa',NULL,309174,'Hayes'),(16,'HYVEE INC','Suite 82','Sunja',NULL,422551,'Fieldstone'),(17,'Cardinal Health','Room 1099','Causip',NULL,469423,'Stoughton'),(18,'Unit Dose Services','Apt 1401','Longquan',NULL,113778,'Sundown'),(19,'Amphastar Pharmaceuticals, Inc.','PO Box 39824','Makale',NULL,120505,'Saint Paul'),(20,'US Pharmaceutical Corporation','PO Box 66741','Polel Diaoub',NULL,303641,'Cody'),(21,'CVS Pharmacy','PO Box 16638','Bawshar',NULL,518718,'Magdeline'),(22,'Meijer Distribution Inc','PO Box 25135','San Miguel','Michoacan De Ocampo',522154,'Dakota'),(23,'Heritage Pharmaceuticals Inc.','Room 733','Lirang',NULL,325764,'Gina'),(24,'Genzyme Corporation','Suite 34','Kolpashevo',NULL,162104,'Towne'),(25,'Taro Pharmaceuticals U.S.A., Inc.','Suite 50','Panglanjan',NULL,126642,'Rusk'),(26,'Auto-Chlor System, LLC','12th Floor','Oke Ila',NULL,341152,'Talmadge'),(27,'Pfizer Laboratories Div Pfizer Inc','Room 1310','Kangar','Perlis',435469,'Gerald'),(28,'Teva Pharmaceuticals USA Inc','Room 896','Cabreva',NULL,240965,'Mayfield'),(29,'Antigen Laboratories, Inc.','8th Floor','Gongfang',NULL,522898,'Roth'),(30,'American Health Packaging','Suite 76','Macaba',NULL,388734,'Pond'),(31,'DIRECT RX','17th Floor','Huotong',NULL,489879,'Arapahoe'),(32,'American Sales Company','2nd Floor','Zhongbu',NULL,444984,'Michigan'),(33,'Antigen Laboratories, Inc.','Suite 35','Balugo',NULL,409991,'Mallory'),(34,'Genentech, Inc.','19th Floor','Songshan',NULL,376614,'Bunker Hill'),(35,'Preferred Pharmaceuticals, Inc.','12th Floor','Kloangpopot',NULL,177279,'Lawn'),(36,'Nelco Laboratories, Inc.','3rd Floor','Kosonsoy',NULL,354035,'Waywood'),(37,'BJWC','18th Floor','Amnat Charoen',NULL,169001,'Mallard'),(38,'Bayshore Pharmaceuticals LLC [FL]','PO Box 59699','Itapicuru',NULL,335667,'Carberry'),(39,'Sandoz Inc','Suite 23','Thvai',NULL,494277,'School'),(40,'Elizabeth Arden, Inc','Suite 10','Shuanghejiedao',NULL,450763,'Moland'),(41,'McKesson','Suite 47','Yelizovo',NULL,330721,'Bluestem'),(42,'Warner Chilcott (US), LLC','2nd Floor','Kupahandap',NULL,275750,'Beilfuss'),(43,'Kroger Company','16th Floor','Bulu',NULL,147069,'Dunning'),(44,'Freds, Inc','Suite 15','Sarilhos Grandes','Setbal',536449,'Village'),(45,'Shanghai Weierya Daily Chemicals Factory','PO Box 89191','Shalamzr',NULL,319311,'Mockingbird'),(46,'STAT Rx USA LLC','Suite 16','Yuanshanzi',NULL,319146,'Granby'),(47,'MineralHouse Corporation','Room 831','Levski',NULL,366411,'Truax'),(48,'Dispensing Solutions, Inc.','Suite 46','Azenha','Porto',439763,'Thierer'),(49,'REMEDYREPACK INC.','Room 682','Amsterdam Noord west','Provincie Noord-Holland',371479,'Westridge'),(50,'KATE SOMERVILLE SKINCARE, LLC','Suite 43','Nesebar',NULL,425195,'Meadow Ridge'),(51,'Teva Parenteral Medicines, Inc.','Room 1929','Rybarzowice',NULL,350697,'Westend'),(52,'Whisk Products, Inc.','PO Box 25452','Kebonan',NULL,281734,'Hanover'),(53,'TOPCO ASSOCIATES LLC','Room 1484','Abrahams Bay',NULL,477682,'Mcguire'),(54,'DR LIN SKINCARE','Apt 315','Heiheba',NULL,533202,'Reindahl'),(55,'DOLGENCORP, LLC','PO Box 54559','Souq Larba al Gharb',NULL,316583,'Sommers'),(56,'LANGE SAS','PO Box 95319','Cali',NULL,382780,'Fairview'),(57,'State of Florida DOH Central Pharmacy','Suite 54','Sidomulyo',NULL,208304,'Darwin'),(58,'Sato Pharmaceutical Co., Ltd.','Apt 1091','Kadugannawa',NULL,485464,'Saint Paul'),(59,'Bliss World, LLC','Room 1829','Asarum','Blekinge',422052,'Myrtle'),(60,'Wockhardt USA LLC.','Room 1168','Tyler','Texas',325673,'Glendale'),(61,'AMOREPACIFIC','Room 544','Cuozhou',NULL,335258,'4th'),(62,'Major Pharmaceuticals','Suite 81','Piribebuy',NULL,432149,'Dexter'),(63,'Topco Associates LLC','16th Floor','Beloyarskiy',NULL,437440,'Loftsgordon'),(64,'Davion, Inc','Suite 19','Jambuir Timur',NULL,137191,'Hagan'),(65,'Zenith Medicosm SL','Apt 548','Sinamar',NULL,555179,'Michigan'),(66,'Apotex Corp.','Suite 43','Zhendong',NULL,266616,'Sundown'),(67,'Amgen Inc','Room 379','Bantar Tengah',NULL,111617,'Graceland'),(68,'Taro Pharmaceuticals U.S.A., Inc.','PO Box 27158','Washington','District of Columbia',466634,'Meadow Valley'),(69,'Apotheca Company','Room 93','Villa de Soto',NULL,342384,'Nova'),(70,'PHARMAZEUTISCHE FABRIK DR. RECKEWEG & CO','Suite 62','Nzega',NULL,312329,'Graceland'),(71,'Ferring Pharmaceuticals Inc.','5th Floor','Changuinola',NULL,257479,'Walton'),(72,'Bare Escentuals Beauty Inc.','Suite 39','Vale da Serra','Santarm',533405,'Spohn'),(73,'Amneal-Agila, LLC','Room 332','Abaza',NULL,337642,'Mcguire'),(74,'Antigen Laboratories, Inc.','9th Floor','Qui Nhon',NULL,228792,'Marquette'),(75,'Premier Brands of America Inc.','19th Floor','Malinovskiy',NULL,334008,'Autumn Leaf'),(76,'Ningbo Heyi Daily Chemical Products Co., Ltd.','1st Floor','Horn Such',NULL,411088,'Morning'),(77,'Revive Bioscience, Inc.','PO Box 20116','Illushi',NULL,317448,'Del Sol'),(78,'Jubilant HollisterStier LLC','19th Floor','Guarapuava',NULL,164624,'American'),(79,'Amneal Pharmaceuticals, LLC','Suite 35','Seredka',NULL,360224,'Grim'),(80,'BCM Cosmetique SAS','Suite 43','Mancogeh',NULL,252944,'Erie'),(100,'Chain Drug Consortium, LLC','PO Box 24829','Atlanta','Georgia',550573,'Farmco');
/*!40000 ALTER TABLE `pharmacy` ENABLE KEYS */;
UNLOCK TABLES;

--
-- Table structure for table `supplier`
--

DROP TABLE IF EXISTS `supplier`;
/*!40101 SET @saved_cs_client     = @@character_set_client */;
/*!50503 SET character_set_client = utf8mb4 */;
CREATE TABLE `supplier` (
  `supplierID` int NOT NULL,
  `Sname` varchar(45) NOT NULL,
  `Location` varchar(45) NOT NULL,
  `State` varchar(45) NOT NULL,
  `City` varchar(45) NOT NULL,
  PRIMARY KEY (`supplierID`)
) ENGINE=InnoDB DEFAULT CHARSET=utf8mb4 COLLATE=utf8mb4_0900_ai_ci;
/*!40101 SET character_set_client = @saved_cs_client */;

--
-- Dumping data for table `supplier`
--

LOCK TABLES `supplier` WRITE;
/*!40000 ALTER TABLE `supplier` DISABLE KEYS */;
INSERT INTO `supplier` VALUES (1,'Fae Hordle','Oriole','Cataluna','Lleida'),(2,'Vladamir Chaundy','Spaight','Centre','Chteauroux'),(3,'Bertha Bentjens','Walton','California','San Francisco'),(4,'Stella Fountain','Aberg','Alberta','Spirit River'),(5,'Vincenty Krochmann','Southridge','California','San Jose'),(6,'Ilyssa Perell','Roth','Alberta','High River'),(7,'Pren Chavrin','Cardinal','Centre','Orlans'),(8,'Windham Barrie','Hoard','Alaska','Anchorage'),(9,'Chadd Lukianov','Bluejay','Alberta','Bonnyville'),(10,'Rheta Bartholin','Esch','Cataluna','Sabadell'),(11,'Georgette Bridgeland','Schiller','Alberta','Sylvan Lake'),(12,'Shaw Whitlow','Eastlawn','Centre','Blois'),(13,'Maryann Freebury','6th','Alabama','Birmingham'),(14,'Trumann Schenkel','Lunder','Centre','Romorantin-Lanthenay'),(15,'Adolphus McGarva','Gateway','Alberta','Vulcan'),(16,'Delila Roseby','Hansons','California','San Jose'),(17,'James Longthorne','Starling','California','Los Angeles'),(18,'Adaline Pickin','Ilene','Centre','Bourges'),(19,'Willy Milne','Forest Run','Andalucia','Malaga'),(20,'Ealasaid Heephy','Kipling','California','Los Angeles'),(21,'Xavier Franceschielli','Emmet','Centre','Orlans'),(22,'Clay Glyde','Mandrake','Cataluna','Lleida'),(23,'Dan Oliphant','Pankratz','Alabama','Birmingham'),(24,'Del Andrzejczak','Norway Maple','California','Fresno'),(25,'Dix Nevison','Manitowish','California','Chico'),(26,'Clair Masurel','Vidon','Cataluna','Barcelona'),(27,'Annie Stivey','Blue Bill Park','California','Pasadena'),(28,'Arabele Aires','Cottonwood','Centre','Chartres'),(29,'Costanza Brealey','Lerdahl','Alberta','Grimshaw'),(30,'Domingo Immer','Texas','California','San Bernardino'),(31,'Mariele Label','Michigan','Alsace','Illkirch-Graffenstaden'),(32,'Cara Brownjohn','Hoffman','California','Sacramento'),(33,'Gerty Edmand','Bunting','Centre','Orlans'),(34,'Theresa Saladine','Shoshone','California','Garden Grove'),(35,'Phylis Hazael','Center','Centre','Fleury-les-Aubrais'),(36,'Susanetta Stedman','Buhler','California','San Rafael'),(37,'Jannel Urion','Golf Course','Cataluna','Sabadell'),(38,'Shanda Kingscote','Meadow Vale','Alberta','Morinville'),(39,'Edi Fenney','Holy Cross','California','Pasadena'),(40,'Kelvin Pendred','Troy','Baja California','Emiliano Zapata'),(41,'Gabriel Bentinck','Macpherson','California','Fresno'),(42,'Camilla Attenbrough','Daystar','California','San Jose'),(43,'Batholomew Woolmer','Melrose','Alsace','Strasbourg'),(44,'Mahala Refford','Colorado','Andalucia','Malaga'),(45,'Isadora Causton','Oneill','California','Sacramento'),(46,'Rosalind Adderley','Hoffman','Alberta','Raymond'),(47,'Susan De Paoli','Clarendon','Alsace','Strasbourg'),(48,'Aristotle Zanini','Spohn','Alsace','Strasbourg'),(49,'Lynne Collaton','Washington','Alsace','Schiltigheim'),(50,'Addie Elston','Anderson','Centre','Tours'),(51,'Cleon Mongan','Coleman','California','San Jose'),(52,'Nikos Laffin','Truax','Centre','Blois'),(53,'Donn Lismore','Vermont','Alberta','Spirit River'),(54,'Rozella Stollery','Bay','Andalucia','Malaga'),(55,'Darda Pavey','Village','California','Fullerton'),(56,'Corabella Dallow','Bunting','California','Fresno'),(57,'Em Rodda','Bashford','California','San Francisco'),(58,'Filmore McGinn','Namekagon','California','San Diego'),(59,'Gabrila Monte','4th','Centre','Tours'),(60,'Jeannie Phizackarley','Westridge','Alberta','High Prairie'),(61,'Baron Fruish','Ruskin','Alabama','Anniston'),(62,'Stacie Abella','Forest','Alsace','Strasbourg'),(63,'Erwin Grigorian','Ridge Oak','California','Fresno'),(64,'Eddy Cattroll','Browning','California','Santa Monica'),(65,'Pearce Lighton','Prairieview','Centre','Romorantin-Lanthenay'),(66,'Marlon Inns','Forest','Alberta','Blackfalds'),(67,'Henderson Stansall','Fair Oaks','Centre','Bourges'),(68,'Leicester De Dei','Spohn','Alberta','Ponoka'),(69,'Wernher Ettritch','Jenna','California','Santa Ana'),(70,'Roderick Renneke','Sage','Alberta','Athabasca'),(71,'Cariotta Scanterbury','Rigney','California','San Francisco'),(72,'Cordy Bim','Acker','Alberta','Taber'),(73,'Lyn O\'Hartnedy','Carey','Centre','Chartres'),(74,'Vevay Calf','Stang','California','Fresno'),(75,'Fabian Salzburger','La Follette','California','Los Angeles'),(76,'Hazel Tollit','Gerald','Aragon','Teruel'),(77,'Roth Lynett','Duke','Alsace','Schirmeck'),(78,'Pren Saward','Montana','Alsace','Guebwiller'),(79,'Taite Coole','American','Alberta','Killam'),(80,'Tyne Harewood','Crescent Oaks','California','San Diego'),(81,'Floria Dudderidge','Calypso','California','Santa Rosa'),(82,'Jerome Hands','6th','Alberta','Ponoka'),(83,'Nerti Duddle','Dottie','California','Sacramento'),(84,'Margarete Lednor','Dovetail','California','Fresno'),(85,'Juieta Pincott','Logan','California','Los Angeles'),(86,'Mitzi Boxill','Dapin','Alberta','Lac La Biche'),(87,'Eberhard Roderick','Dwight','Asturias','Gijon'),(88,'Claire Epilet','Johnson','Alberta','Canmore'),(89,'Reed Lacelett','Green Ridge','California','San Francisco'),(90,'Emerson Townsley','Tennessee','California','Los Angeles'),(91,'Harriett Hawkyens','Warrior','California','Oakland'),(92,'Seth Acuna','Marquette','California','Corona'),(93,'Candie Prine','Debra','California','Fresno'),(94,'Amelina Bulcock','Milwaukee','Buskerud','Drammen'),(95,'Stepha Clinton','Summerview','Centre','Orlans'),(96,'Vittorio Boylan','Brickson Park','California','San Francisco'),(97,'Claudelle Siveter','Butterfield','Andalucia','Malaga'),(98,'Nikola Pitkeathly','Bluejay','Centre','Saint-Jean-de-Braye'),(99,'Alva Balogun','Glendale','California','Orange'),(100,'Amalle Kornyakov','Melvin','California','Pasadena');
/*!40000 ALTER TABLE `supplier` ENABLE KEYS */;
UNLOCK TABLES;

--
-- Dumping events for database 'ops'
--

--
-- Dumping routines for database 'ops'
--
/*!40103 SET TIME_ZONE=@OLD_TIME_ZONE */;

/*!40101 SET SQL_MODE=@OLD_SQL_MODE */;
/*!40014 SET FOREIGN_KEY_CHECKS=@OLD_FOREIGN_KEY_CHECKS */;
/*!40014 SET UNIQUE_CHECKS=@OLD_UNIQUE_CHECKS */;
/*!40101 SET CHARACTER_SET_CLIENT=@OLD_CHARACTER_SET_CLIENT */;
/*!40101 SET CHARACTER_SET_RESULTS=@OLD_CHARACTER_SET_RESULTS */;
/*!40101 SET COLLATION_CONNECTION=@OLD_COLLATION_CONNECTION */;
/*!40111 SET SQL_NOTES=@OLD_SQL_NOTES */;

-- Dump completed on 2023-02-11  0:50:02
